user_id,source,campaign,stage,date
1,Google,Google_Search,Visitor,1/29/2026
1,Google,Google_Search,Signup,1/29/2026
2,Google,Google_Search,Visitor,1/23/2026
2,Google,Google_Search,Signup,1/23/2026
3,Meta,Meta_Ads,Visitor,1/22/2026
3,Meta,Meta_Ads,Signup,1/23/2026
3,Meta,Meta_Ads,Purchase,1/23/2026
4,Meta,Meta_Ads,Visitor,1/26/2026
5,Google,Google_Search,Visitor,1/17/2026
6,Google,Google_Search,Visitor,1/28/2026
7,Google,Google_Search,Visitor,1/30/2026
8,Google,Google_Search,Visitor,1/23/2026
9,Google,Google_Search,Visitor,1/5/2026
10,Google,Google_Search,Visitor,1/7/2026
10,Google,Google_Search,Signup,1/7/2026
11,YouTube,YouTube_Video,Visitor,1/9/2026
11,YouTube,YouTube_Video,Signup,1/10/2026
12,Google,Google_Search,Visitor,1/7/2026
13,YouTube,YouTube_Video,Visitor,1/3/2026
14,Google,Google_Search,Visitor,1/8/2026
15,Google,Google_Search,Visitor,1/22/2026
16,Google,Google_Search,Visitor,1/18/2026
17,YouTube,YouTube_Video,Visitor,1/30/2026
18,Meta,Meta_Ads,Visitor,1/15/2026
18,Meta,Meta_Ads,Signup,1/17/2026
19,YouTube,YouTube_Video,Visitor,1/21/2026
20,Google,Google_Search,Visitor,1/21/2026
21,YouTube,YouTube_Video,Visitor,1/28/2026
22,Google,Google_Search,Visitor,1/15/2026
22,Google,Google_Search,Signup,1/15/2026
23,Meta,Meta_Ads,Visitor,1/12/2026
23,Meta,Meta_Ads,Signup,1/14/2026
24,Meta,Meta_Ads,Visitor,1/3/2026
25,Meta,Meta_Ads,Visitor,1/10/2026
26,Google,Google_Search,Visitor,1/7/2026
27,Google,Google_Search,Visitor,1/1/2026
27,Google,Google_Search,Signup,1/3/2026
28,Meta,Meta_Ads,Visitor,1/12/2026
29,YouTube,YouTube_Video,Visitor,1/1/2026
30,YouTube,YouTube_Video,Visitor,1/3/2026
31,Meta,Meta_Ads,Visitor,1/14/2026
32,Meta,Meta_Ads,Visitor,1/15/2026
32,Meta,Meta_Ads,Signup,1/15/2026
32,Meta,Meta_Ads,Purchase,1/17/2026
33,Google,Google_Search,Visitor,1/29/2026
34,YouTube,YouTube_Video,Visitor,1/23/2026
35,Meta,Meta_Ads,Visitor,1/29/2026
35,Meta,Meta_Ads,Signup,1/31/2026
35,Meta,Meta_Ads,Purchase,2/1/2026
36,YouTube,YouTube_Video,Visitor,1/10/2026
37,Meta,Meta_Ads,Visitor,1/6/2026
38,Google,Google_Search,Visitor,1/20/2026
39,Meta,Meta_Ads,Visitor,1/26/2026
39,Meta,Meta_Ads,Signup,1/26/2026
40,Google,Google_Search,Visitor,1/25/2026
41,Google,Google_Search,Visitor,1/13/2026
42,Google,Google_Search,Visitor,1/8/2026
43,Google,Google_Search,Visitor,1/1/2026
43,Google,Google_Search,Signup,1/3/2026
43,Google,Google_Search,Purchase,1/3/2026
44,Google,Google_Search,Visitor,1/30/2026
45,YouTube,YouTube_Video,Visitor,1/30/2026
46,Meta,Meta_Ads,Visitor,1/5/2026
46,Meta,Meta_Ads,Signup,1/5/2026
46,Meta,Meta_Ads,Purchase,1/6/2026
47,Meta,Meta_Ads,Visitor,1/22/2026
47,Meta,Meta_Ads,Signup,1/22/2026
48,Meta,Meta_Ads,Visitor,1/21/2026
49,YouTube,YouTube_Video,Visitor,1/23/2026
50,Meta,Meta_Ads,Visitor,1/27/2026
50,Meta,Meta_Ads,Signup,1/28/2026
51,Meta,Meta_Ads,Visitor,1/6/2026
52,YouTube,YouTube_Video,Visitor,1/16/2026
53,Google,Google_Search,Visitor,1/6/2026
54,YouTube,YouTube_Video,Visitor,1/28/2026
55,Google,Google_Search,Visitor,1/3/2026
56,Google,Google_Search,Visitor,1/7/2026
56,Google,Google_Search,Signup,1/7/2026
57,Meta,Meta_Ads,Visitor,1/8/2026
57,Meta,Meta_Ads,Signup,1/8/2026
57,Meta,Meta_Ads,Purchase,1/10/2026
58,Meta,Meta_Ads,Visitor,1/10/2026
58,Meta,Meta_Ads,Signup,1/11/2026
59,Meta,Meta_Ads,Visitor,1/17/2026
59,Meta,Meta_Ads,Signup,1/18/2026
60,YouTube,YouTube_Video,Visitor,1/27/2026
60,YouTube,YouTube_Video,Signup,1/27/2026
61,Meta,Meta_Ads,Visitor,1/3/2026
62,Google,Google_Search,Visitor,1/1/2026
63,Google,Google_Search,Visitor,1/8/2026
64,Meta,Meta_Ads,Visitor,1/30/2026
64,Meta,Meta_Ads,Signup,1/31/2026
65,YouTube,YouTube_Video,Visitor,1/18/2026
65,YouTube,YouTube_Video,Signup,1/19/2026
66,Google,Google_Search,Visitor,1/29/2026
66,Google,Google_Search,Signup,1/29/2026
66,Google,Google_Search,Purchase,1/30/2026
67,Google,Google_Search,Visitor,1/20/2026
68,Meta,Meta_Ads,Visitor,1/3/2026
69,Meta,Meta_Ads,Visitor,1/12/2026
70,Meta,Meta_Ads,Visitor,1/22/2026
70,Meta,Meta_Ads,Signup,1/23/2026
71,Google,Google_Search,Visitor,1/8/2026
72,Meta,Meta_Ads,Visitor,1/30/2026
73,Meta,Meta_Ads,Visitor,1/1/2026
73,Meta,Meta_Ads,Signup,1/1/2026
74,Meta,Meta_Ads,Visitor,1/17/2026
74,Meta,Meta_Ads,Signup,1/18/2026
75,YouTube,YouTube_Video,Visitor,1/3/2026
76,YouTube,YouTube_Video,Visitor,1/29/2026
77,YouTube,YouTube_Video,Visitor,1/3/2026
78,Google,Google_Search,Visitor,1/29/2026
79,YouTube,YouTube_Video,Visitor,1/3/2026
79,YouTube,YouTube_Video,Signup,1/3/2026
80,YouTube,YouTube_Video,Visitor,1/3/2026
81,Google,Google_Search,Visitor,1/15/2026
82,Google,Google_Search,Visitor,1/27/2026
82,Google,Google_Search,Signup,1/28/2026
83,Meta,Meta_Ads,Visitor,1/11/2026
84,Meta,Meta_Ads,Visitor,1/10/2026
85,YouTube,YouTube_Video,Visitor,1/25/2026
86,Google,Google_Search,Visitor,1/7/2026
87,Meta,Meta_Ads,Visitor,1/1/2026
87,Meta,Meta_Ads,Signup,1/2/2026
88,YouTube,YouTube_Video,Visitor,1/23/2026
88,YouTube,YouTube_Video,Signup,1/24/2026
88,YouTube,YouTube_Video,Purchase,1/26/2026
89,Meta,Meta_Ads,Visitor,1/19/2026
90,Meta,Meta_Ads,Visitor,1/29/2026
91,YouTube,YouTube_Video,Visitor,1/17/2026
91,YouTube,YouTube_Video,Signup,1/18/2026
92,Meta,Meta_Ads,Visitor,1/5/2026
93,Meta,Meta_Ads,Visitor,1/12/2026
94,Google,Google_Search,Visitor,1/6/2026
94,Google,Google_Search,Signup,1/7/2026
95,Meta,Meta_Ads,Visitor,1/20/2026
95,Meta,Meta_Ads,Signup,1/21/2026
96,Google,Google_Search,Visitor,1/17/2026
97,Google,Google_Search,Visitor,1/26/2026
97,Google,Google_Search,Signup,1/26/2026
97,Google,Google_Search,Purchase,1/27/2026
98,YouTube,YouTube_Video,Visitor,1/9/2026
99,Google,Google_Search,Visitor,1/26/2026
99,Google,Google_Search,Signup,1/27/2026
99,Google,Google_Search,Purchase,1/28/2026
100,Meta,Meta_Ads,Visitor,1/8/2026
101,Meta,Meta_Ads,Visitor,1/29/2026
102,Meta,Meta_Ads,Visitor,1/22/2026
103,Google,Google_Search,Visitor,1/26/2026
104,Meta,Meta_Ads,Visitor,1/25/2026
104,Meta,Meta_Ads,Signup,1/25/2026
104,Meta,Meta_Ads,Purchase,1/26/2026
105,YouTube,YouTube_Video,Visitor,1/20/2026
105,YouTube,YouTube_Video,Signup,1/21/2026
106,YouTube,YouTube_Video,Visitor,1/4/2026
106,YouTube,YouTube_Video,Signup,1/5/2026
107,Google,Google_Search,Visitor,1/22/2026
108,Google,Google_Search,Visitor,1/10/2026
109,Meta,Meta_Ads,Visitor,1/1/2026
110,Meta,Meta_Ads,Visitor,1/16/2026
110,Meta,Meta_Ads,Signup,1/18/2026
111,YouTube,YouTube_Video,Visitor,1/27/2026
112,Meta,Meta_Ads,Visitor,1/3/2026
113,Google,Google_Search,Visitor,1/19/2026
114,Meta,Meta_Ads,Visitor,1/1/2026
115,YouTube,YouTube_Video,Visitor,1/12/2026
115,YouTube,YouTube_Video,Signup,1/14/2026
116,Google,Google_Search,Visitor,1/18/2026
117,Google,Google_Search,Visitor,1/8/2026
118,Meta,Meta_Ads,Visitor,1/30/2026
119,Google,Google_Search,Visitor,1/4/2026
120,Google,Google_Search,Visitor,1/11/2026
121,Meta,Meta_Ads,Visitor,1/21/2026
122,Meta,Meta_Ads,Visitor,1/5/2026
123,YouTube,YouTube_Video,Visitor,1/17/2026
124,Google,Google_Search,Visitor,1/17/2026
125,Google,Google_Search,Visitor,1/30/2026
126,Google,Google_Search,Visitor,1/23/2026
127,Meta,Meta_Ads,Visitor,1/9/2026
128,Meta,Meta_Ads,Visitor,1/20/2026
129,Google,Google_Search,Visitor,1/27/2026
129,Google,Google_Search,Signup,1/27/2026
130,Google,Google_Search,Visitor,1/7/2026
131,Meta,Meta_Ads,Visitor,1/20/2026
132,Meta,Meta_Ads,Visitor,1/21/2026
132,Meta,Meta_Ads,Signup,1/21/2026
133,Google,Google_Search,Visitor,1/21/2026
134,Meta,Meta_Ads,Visitor,1/13/2026
135,YouTube,YouTube_Video,Visitor,1/14/2026
136,Google,Google_Search,Visitor,1/23/2026
137,Meta,Meta_Ads,Visitor,1/15/2026
137,Meta,Meta_Ads,Signup,1/16/2026
138,YouTube,YouTube_Video,Visitor,1/6/2026
138,YouTube,YouTube_Video,Signup,1/6/2026
138,YouTube,YouTube_Video,Purchase,1/6/2026
139,YouTube,YouTube_Video,Visitor,1/26/2026
139,YouTube,YouTube_Video,Signup,1/26/2026
139,YouTube,YouTube_Video,Purchase,1/28/2026
140,Meta,Meta_Ads,Visitor,1/13/2026
141,YouTube,YouTube_Video,Visitor,1/7/2026
142,Meta,Meta_Ads,Visitor,1/6/2026
143,Google,Google_Search,Visitor,1/12/2026
144,Google,Google_Search,Visitor,1/26/2026
144,Google,Google_Search,Signup,1/27/2026
145,Google,Google_Search,Visitor,1/28/2026
146,Meta,Meta_Ads,Visitor,1/8/2026
146,Meta,Meta_Ads,Signup,1/8/2026
147,Meta,Meta_Ads,Visitor,1/28/2026
148,Google,Google_Search,Visitor,1/17/2026
148,Google,Google_Search,Signup,1/17/2026
148,Google,Google_Search,Purchase,1/18/2026
149,YouTube,YouTube_Video,Visitor,1/13/2026
150,Google,Google_Search,Visitor,1/21/2026
150,Google,Google_Search,Signup,1/21/2026
151,Google,Google_Search,Visitor,1/3/2026
152,Google,Google_Search,Visitor,1/15/2026
153,Meta,Meta_Ads,Visitor,1/1/2026
154,Meta,Meta_Ads,Visitor,1/16/2026
155,YouTube,YouTube_Video,Visitor,1/10/2026
156,YouTube,YouTube_Video,Visitor,1/12/2026
156,YouTube,YouTube_Video,Signup,1/12/2026
156,YouTube,YouTube_Video,Purchase,1/13/2026
157,Google,Google_Search,Visitor,1/28/2026
158,Google,Google_Search,Visitor,1/9/2026
158,Google,Google_Search,Signup,1/11/2026
159,Meta,Meta_Ads,Visitor,1/1/2026
160,Meta,Meta_Ads,Visitor,1/16/2026
160,Meta,Meta_Ads,Signup,1/17/2026
160,Meta,Meta_Ads,Purchase,1/18/2026
161,YouTube,YouTube_Video,Visitor,1/5/2026
162,Google,Google_Search,Visitor,1/24/2026
163,Meta,Meta_Ads,Visitor,1/5/2026
163,Meta,Meta_Ads,Signup,1/5/2026
164,Google,Google_Search,Visitor,1/15/2026
164,Google,Google_Search,Signup,1/15/2026
165,Google,Google_Search,Visitor,1/27/2026
166,YouTube,YouTube_Video,Visitor,1/2/2026
166,YouTube,YouTube_Video,Signup,1/4/2026
166,YouTube,YouTube_Video,Purchase,1/6/2026
167,YouTube,YouTube_Video,Visitor,1/17/2026
168,Meta,Meta_Ads,Visitor,1/3/2026
169,Meta,Meta_Ads,Visitor,1/5/2026
170,Google,Google_Search,Visitor,1/21/2026
171,Google,Google_Search,Visitor,1/19/2026
171,Google,Google_Search,Signup,1/20/2026
172,Meta,Meta_Ads,Visitor,1/2/2026
173,Google,Google_Search,Visitor,1/26/2026
174,Google,Google_Search,Visitor,1/3/2026
175,YouTube,YouTube_Video,Visitor,1/22/2026
176,Google,Google_Search,Visitor,1/27/2026
177,Google,Google_Search,Visitor,1/15/2026
178,Meta,Meta_Ads,Visitor,1/14/2026
179,Google,Google_Search,Visitor,1/6/2026
180,YouTube,YouTube_Video,Visitor,1/18/2026
181,Google,Google_Search,Visitor,1/27/2026
181,Google,Google_Search,Signup,1/28/2026
182,Meta,Meta_Ads,Visitor,1/24/2026
183,Google,Google_Search,Visitor,1/10/2026
184,YouTube,YouTube_Video,Visitor,1/4/2026
185,YouTube,YouTube_Video,Visitor,1/17/2026
185,YouTube,YouTube_Video,Signup,1/17/2026
186,Google,Google_Search,Visitor,1/13/2026
186,Google,Google_Search,Signup,1/15/2026
186,Google,Google_Search,Purchase,1/17/2026
187,Meta,Meta_Ads,Visitor,1/23/2026
187,Meta,Meta_Ads,Signup,1/25/2026
188,Meta,Meta_Ads,Visitor,1/4/2026
188,Meta,Meta_Ads,Signup,1/4/2026
189,Google,Google_Search,Visitor,1/29/2026
190,Meta,Meta_Ads,Visitor,1/19/2026
190,Meta,Meta_Ads,Signup,1/19/2026
191,Google,Google_Search,Visitor,1/22/2026
191,Google,Google_Search,Signup,1/22/2026
192,Google,Google_Search,Visitor,1/14/2026
193,Meta,Meta_Ads,Visitor,1/13/2026
193,Meta,Meta_Ads,Signup,1/14/2026
194,Meta,Meta_Ads,Visitor,1/15/2026
195,Google,Google_Search,Visitor,1/16/2026
195,Google,Google_Search,Signup,1/17/2026
196,Google,Google_Search,Visitor,1/3/2026
196,Google,Google_Search,Signup,1/5/2026
197,YouTube,YouTube_Video,Visitor,1/14/2026
198,Google,Google_Search,Visitor,1/24/2026
199,Google,Google_Search,Visitor,1/27/2026
199,Google,Google_Search,Signup,1/29/2026
200,YouTube,YouTube_Video,Visitor,1/11/2026
201,Google,Google_Search,Visitor,1/26/2026
202,Google,Google_Search,Visitor,1/25/2026
203,Google,Google_Search,Visitor,1/7/2026
203,Google,Google_Search,Signup,1/9/2026
203,Google,Google_Search,Purchase,1/10/2026
204,Google,Google_Search,Visitor,1/17/2026
204,Google,Google_Search,Signup,1/17/2026
205,Meta,Meta_Ads,Visitor,1/13/2026
206,Meta,Meta_Ads,Visitor,1/22/2026
207,Meta,Meta_Ads,Visitor,1/17/2026
208,Google,Google_Search,Visitor,1/5/2026
209,Meta,Meta_Ads,Visitor,1/2/2026
209,Meta,Meta_Ads,Signup,1/4/2026
210,Meta,Meta_Ads,Visitor,1/1/2026
210,Meta,Meta_Ads,Signup,1/1/2026
210,Meta,Meta_Ads,Purchase,1/3/2026
211,Google,Google_Search,Visitor,1/30/2026
211,Google,Google_Search,Signup,1/31/2026
212,Google,Google_Search,Visitor,1/9/2026
212,Google,Google_Search,Signup,1/11/2026
212,Google,Google_Search,Purchase,1/11/2026
213,YouTube,YouTube_Video,Visitor,1/6/2026
214,YouTube,YouTube_Video,Visitor,1/4/2026
214,YouTube,YouTube_Video,Signup,1/5/2026
214,YouTube,YouTube_Video,Purchase,1/6/2026
215,Meta,Meta_Ads,Visitor,1/25/2026
216,Meta,Meta_Ads,Visitor,1/26/2026
216,Meta,Meta_Ads,Signup,1/26/2026
216,Meta,Meta_Ads,Purchase,1/27/2026
217,Meta,Meta_Ads,Visitor,1/20/2026
218,Google,Google_Search,Visitor,1/15/2026
219,Meta,Meta_Ads,Visitor,1/6/2026
220,Google,Google_Search,Visitor,1/4/2026
220,Google,Google_Search,Signup,1/6/2026
220,Google,Google_Search,Purchase,1/7/2026
221,Google,Google_Search,Visitor,1/5/2026
221,Google,Google_Search,Signup,1/6/2026
222,YouTube,YouTube_Video,Visitor,1/1/2026
222,YouTube,YouTube_Video,Signup,1/1/2026
223,Meta,Meta_Ads,Visitor,1/24/2026
224,Meta,Meta_Ads,Visitor,1/17/2026
225,Meta,Meta_Ads,Visitor,1/18/2026
225,Meta,Meta_Ads,Signup,1/20/2026
226,Google,Google_Search,Visitor,1/3/2026
227,Meta,Meta_Ads,Visitor,1/28/2026
228,Google,Google_Search,Visitor,1/9/2026
229,Meta,Meta_Ads,Visitor,1/3/2026
229,Meta,Meta_Ads,Signup,1/3/2026
229,Meta,Meta_Ads,Purchase,1/4/2026
230,Meta,Meta_Ads,Visitor,1/4/2026
230,Meta,Meta_Ads,Signup,1/5/2026
231,YouTube,YouTube_Video,Visitor,1/7/2026
232,YouTube,YouTube_Video,Visitor,1/29/2026
232,YouTube,YouTube_Video,Signup,1/31/2026
233,Meta,Meta_Ads,Visitor,1/17/2026
234,Google,Google_Search,Visitor,1/14/2026
234,Google,Google_Search,Signup,1/16/2026
235,Google,Google_Search,Visitor,1/3/2026
236,Google,Google_Search,Visitor,1/20/2026
237,Meta,Meta_Ads,Visitor,1/20/2026
238,Meta,Meta_Ads,Visitor,1/29/2026
238,Meta,Meta_Ads,Signup,1/29/2026
239,Meta,Meta_Ads,Visitor,1/1/2026
239,Meta,Meta_Ads,Signup,1/2/2026
240,Google,Google_Search,Visitor,1/10/2026
240,Google,Google_Search,Signup,1/11/2026
241,Google,Google_Search,Visitor,1/13/2026
241,Google,Google_Search,Signup,1/15/2026
242,Google,Google_Search,Visitor,1/15/2026
243,Meta,Meta_Ads,Visitor,1/27/2026
244,Meta,Meta_Ads,Visitor,1/4/2026
245,Meta,Meta_Ads,Visitor,1/20/2026
245,Meta,Meta_Ads,Signup,1/21/2026
246,Google,Google_Search,Visitor,1/23/2026
247,YouTube,YouTube_Video,Visitor,1/12/2026
248,Google,Google_Search,Visitor,1/18/2026
249,Google,Google_Search,Visitor,1/28/2026
250,Google,Google_Search,Visitor,1/16/2026
251,YouTube,YouTube_Video,Visitor,1/8/2026
252,Meta,Meta_Ads,Visitor,1/26/2026
252,Meta,Meta_Ads,Signup,1/28/2026
253,YouTube,YouTube_Video,Visitor,1/22/2026
254,Google,Google_Search,Visitor,1/5/2026
255,YouTube,YouTube_Video,Visitor,1/22/2026
256,Google,Google_Search,Visitor,1/22/2026
257,Meta,Meta_Ads,Visitor,1/21/2026
258,Meta,Meta_Ads,Visitor,1/10/2026
259,Google,Google_Search,Visitor,1/9/2026
259,Google,Google_Search,Signup,1/9/2026
260,YouTube,YouTube_Video,Visitor,1/7/2026
260,YouTube,YouTube_Video,Signup,1/8/2026
261,Meta,Meta_Ads,Visitor,1/27/2026
262,Google,Google_Search,Visitor,1/24/2026
263,Google,Google_Search,Visitor,1/21/2026
264,Google,Google_Search,Visitor,1/11/2026
265,Google,Google_Search,Visitor,1/21/2026
266,YouTube,YouTube_Video,Visitor,1/9/2026
266,YouTube,YouTube_Video,Signup,1/10/2026
267,Meta,Meta_Ads,Visitor,1/8/2026
268,Meta,Meta_Ads,Visitor,1/13/2026
269,Google,Google_Search,Visitor,1/24/2026
270,Google,Google_Search,Visitor,1/29/2026
271,Google,Google_Search,Visitor,1/16/2026
272,Google,Google_Search,Visitor,1/14/2026
273,Meta,Meta_Ads,Visitor,1/22/2026
274,Google,Google_Search,Visitor,1/6/2026
275,Google,Google_Search,Visitor,1/8/2026
276,YouTube,YouTube_Video,Visitor,1/10/2026
276,YouTube,YouTube_Video,Signup,1/11/2026
277,YouTube,YouTube_Video,Visitor,1/23/2026
277,YouTube,YouTube_Video,Signup,1/24/2026
278,Google,Google_Search,Visitor,1/25/2026
278,Google,Google_Search,Signup,1/27/2026
279,Google,Google_Search,Visitor,1/22/2026
279,Google,Google_Search,Signup,1/22/2026
279,Google,Google_Search,Purchase,1/22/2026
280,Meta,Meta_Ads,Visitor,1/8/2026
280,Meta,Meta_Ads,Signup,1/9/2026
281,YouTube,YouTube_Video,Visitor,1/16/2026
282,Meta,Meta_Ads,Visitor,1/21/2026
283,Google,Google_Search,Visitor,1/18/2026
283,Google,Google_Search,Signup,1/20/2026
284,YouTube,YouTube_Video,Visitor,1/16/2026
284,YouTube,YouTube_Video,Signup,1/16/2026
285,YouTube,YouTube_Video,Visitor,1/15/2026
286,Google,Google_Search,Visitor,1/2/2026
287,Google,Google_Search,Visitor,1/20/2026
288,Google,Google_Search,Visitor,1/30/2026
289,YouTube,YouTube_Video,Visitor,1/3/2026
290,Meta,Meta_Ads,Visitor,1/24/2026
290,Meta,Meta_Ads,Signup,1/25/2026
291,YouTube,YouTube_Video,Visitor,1/17/2026
292,Meta,Meta_Ads,Visitor,1/9/2026
293,Meta,Meta_Ads,Visitor,1/7/2026
293,Meta,Meta_Ads,Signup,1/8/2026
294,YouTube,YouTube_Video,Visitor,1/26/2026
295,Meta,Meta_Ads,Visitor,1/5/2026
295,Meta,Meta_Ads,Signup,1/6/2026
296,YouTube,YouTube_Video,Visitor,1/9/2026
296,YouTube,YouTube_Video,Signup,1/9/2026
297,Google,Google_Search,Visitor,1/12/2026
297,Google,Google_Search,Signup,1/13/2026
297,Google,Google_Search,Purchase,1/15/2026
298,YouTube,YouTube_Video,Visitor,1/6/2026
299,Google,Google_Search,Visitor,1/13/2026
300,Google,Google_Search,Visitor,1/13/2026
301,Google,Google_Search,Visitor,1/30/2026
302,Google,Google_Search,Visitor,1/28/2026
303,Google,Google_Search,Visitor,1/21/2026
304,Google,Google_Search,Visitor,1/21/2026
305,Google,Google_Search,Visitor,1/4/2026
306,Google,Google_Search,Visitor,1/3/2026
307,Google,Google_Search,Visitor,1/24/2026
308,Meta,Meta_Ads,Visitor,1/1/2026
308,Meta,Meta_Ads,Signup,1/3/2026
308,Meta,Meta_Ads,Purchase,1/5/2026
309,YouTube,YouTube_Video,Visitor,1/17/2026
310,Meta,Meta_Ads,Visitor,1/2/2026
311,Google,Google_Search,Visitor,1/9/2026
311,Google,Google_Search,Signup,1/9/2026
312,Meta,Meta_Ads,Visitor,1/8/2026
313,Google,Google_Search,Visitor,1/3/2026
313,Google,Google_Search,Signup,1/5/2026
313,Google,Google_Search,Purchase,1/6/2026
314,Google,Google_Search,Visitor,1/5/2026
314,Google,Google_Search,Signup,1/7/2026
315,Meta,Meta_Ads,Visitor,1/25/2026
316,Google,Google_Search,Visitor,1/30/2026
317,Meta,Meta_Ads,Visitor,1/21/2026
318,Meta,Meta_Ads,Visitor,1/16/2026
319,Google,Google_Search,Visitor,1/25/2026
320,Meta,Meta_Ads,Visitor,1/9/2026
321,Google,Google_Search,Visitor,1/10/2026
322,YouTube,YouTube_Video,Visitor,1/26/2026
323,YouTube,YouTube_Video,Visitor,1/14/2026
323,YouTube,YouTube_Video,Signup,1/16/2026
323,YouTube,YouTube_Video,Purchase,1/17/2026
324,Google,Google_Search,Visitor,1/29/2026
325,YouTube,YouTube_Video,Visitor,1/7/2026
326,Meta,Meta_Ads,Visitor,1/7/2026
326,Meta,Meta_Ads,Signup,1/9/2026
327,Meta,Meta_Ads,Visitor,1/13/2026
327,Meta,Meta_Ads,Signup,1/13/2026
328,Google,Google_Search,Visitor,1/23/2026
328,Google,Google_Search,Signup,1/25/2026
329,Meta,Meta_Ads,Visitor,1/22/2026
329,Meta,Meta_Ads,Signup,1/23/2026
330,Google,Google_Search,Visitor,1/12/2026
330,Google,Google_Search,Signup,1/14/2026
331,YouTube,YouTube_Video,Visitor,1/27/2026
332,Meta,Meta_Ads,Visitor,1/3/2026
332,Meta,Meta_Ads,Signup,1/4/2026
333,Meta,Meta_Ads,Visitor,1/29/2026
333,Meta,Meta_Ads,Signup,1/29/2026
334,Google,Google_Search,Visitor,1/25/2026
335,Google,Google_Search,Visitor,1/7/2026
336,Meta,Meta_Ads,Visitor,1/17/2026
336,Meta,Meta_Ads,Signup,1/18/2026
336,Meta,Meta_Ads,Purchase,1/19/2026
337,Google,Google_Search,Visitor,1/30/2026
338,Google,Google_Search,Visitor,1/21/2026
339,Google,Google_Search,Visitor,1/17/2026
340,Google,Google_Search,Visitor,1/27/2026
341,Meta,Meta_Ads,Visitor,1/11/2026
342,YouTube,YouTube_Video,Visitor,1/14/2026
343,YouTube,YouTube_Video,Visitor,1/2/2026
343,YouTube,YouTube_Video,Signup,1/4/2026
344,YouTube,YouTube_Video,Visitor,1/22/2026
345,Meta,Meta_Ads,Visitor,1/10/2026
345,Meta,Meta_Ads,Signup,1/10/2026
345,Meta,Meta_Ads,Purchase,1/10/2026
346,YouTube,YouTube_Video,Visitor,1/24/2026
347,Google,Google_Search,Visitor,1/15/2026
347,Google,Google_Search,Signup,1/15/2026
348,YouTube,YouTube_Video,Visitor,1/29/2026
348,YouTube,YouTube_Video,Signup,1/31/2026
349,Meta,Meta_Ads,Visitor,1/24/2026
350,Google,Google_Search,Visitor,1/13/2026
350,Google,Google_Search,Signup,1/15/2026
350,Google,Google_Search,Purchase,1/16/2026
351,YouTube,YouTube_Video,Visitor,1/11/2026
352,Google,Google_Search,Visitor,1/28/2026
353,Google,Google_Search,Visitor,1/2/2026
354,YouTube,YouTube_Video,Visitor,1/8/2026
355,Meta,Meta_Ads,Visitor,1/2/2026
356,Google,Google_Search,Visitor,1/8/2026
357,Google,Google_Search,Visitor,1/18/2026
357,Google,Google_Search,Signup,1/18/2026
358,YouTube,YouTube_Video,Visitor,1/18/2026
359,Google,Google_Search,Visitor,1/29/2026
360,Meta,Meta_Ads,Visitor,1/8/2026
361,Meta,Meta_Ads,Visitor,1/13/2026
362,Meta,Meta_Ads,Visitor,1/16/2026
363,YouTube,YouTube_Video,Visitor,1/27/2026
363,YouTube,YouTube_Video,Signup,1/27/2026
364,Meta,Meta_Ads,Visitor,1/10/2026
364,Meta,Meta_Ads,Signup,1/12/2026
365,Google,Google_Search,Visitor,1/11/2026
366,Google,Google_Search,Visitor,1/23/2026
366,Google,Google_Search,Signup,1/25/2026
366,Google,Google_Search,Purchase,1/27/2026
367,Google,Google_Search,Visitor,1/4/2026
368,Meta,Meta_Ads,Visitor,1/12/2026
368,Meta,Meta_Ads,Signup,1/12/2026
369,YouTube,YouTube_Video,Visitor,1/17/2026
369,YouTube,YouTube_Video,Signup,1/18/2026
370,Meta,Meta_Ads,Visitor,1/3/2026
370,Meta,Meta_Ads,Signup,1/5/2026
371,Meta,Meta_Ads,Visitor,1/2/2026
371,Meta,Meta_Ads,Signup,1/4/2026
372,Google,Google_Search,Visitor,1/4/2026
372,Google,Google_Search,Signup,1/5/2026
373,Google,Google_Search,Visitor,1/12/2026
373,Google,Google_Search,Signup,1/13/2026
374,Google,Google_Search,Visitor,1/24/2026
374,Google,Google_Search,Signup,1/25/2026
375,Meta,Meta_Ads,Visitor,1/12/2026
376,Google,Google_Search,Visitor,1/29/2026
377,Google,Google_Search,Visitor,1/1/2026
377,Google,Google_Search,Signup,1/3/2026
378,Google,Google_Search,Visitor,1/23/2026
379,Google,Google_Search,Visitor,1/29/2026
380,Google,Google_Search,Visitor,1/9/2026
380,Google,Google_Search,Signup,1/11/2026
381,Google,Google_Search,Visitor,1/2/2026
382,Google,Google_Search,Visitor,1/11/2026
382,Google,Google_Search,Signup,1/11/2026
383,Google,Google_Search,Visitor,1/29/2026
384,Google,Google_Search,Visitor,1/27/2026
385,Meta,Meta_Ads,Visitor,1/5/2026
386,Google,Google_Search,Visitor,1/28/2026
387,Meta,Meta_Ads,Visitor,1/3/2026
387,Meta,Meta_Ads,Signup,1/3/2026
388,Meta,Meta_Ads,Visitor,1/12/2026
389,YouTube,YouTube_Video,Visitor,1/14/2026
389,YouTube,YouTube_Video,Signup,1/14/2026
390,Meta,Meta_Ads,Visitor,1/14/2026
391,Google,Google_Search,Visitor,1/29/2026
391,Google,Google_Search,Signup,1/29/2026
392,YouTube,YouTube_Video,Visitor,1/20/2026
393,Google,Google_Search,Visitor,1/14/2026
394,Meta,Meta_Ads,Visitor,1/20/2026
395,Google,Google_Search,Visitor,1/25/2026
395,Google,Google_Search,Signup,1/26/2026
396,Google,Google_Search,Visitor,1/24/2026
397,YouTube,YouTube_Video,Visitor,1/17/2026
397,YouTube,YouTube_Video,Signup,1/18/2026
398,Google,Google_Search,Visitor,1/15/2026
399,Google,Google_Search,Visitor,1/13/2026
400,YouTube,YouTube_Video,Visitor,1/9/2026
400,YouTube,YouTube_Video,Signup,1/10/2026
401,Google,Google_Search,Visitor,1/12/2026
402,Google,Google_Search,Visitor,1/16/2026
403,Google,Google_Search,Visitor,1/1/2026
404,Google,Google_Search,Visitor,1/28/2026
404,Google,Google_Search,Signup,1/28/2026
404,Google,Google_Search,Purchase,1/28/2026
405,Google,Google_Search,Visitor,1/13/2026
405,Google,Google_Search,Signup,1/14/2026
406,YouTube,YouTube_Video,Visitor,1/26/2026
407,YouTube,YouTube_Video,Visitor,1/2/2026
407,YouTube,YouTube_Video,Signup,1/2/2026
408,Google,Google_Search,Visitor,1/27/2026
408,Google,Google_Search,Signup,1/28/2026
409,Meta,Meta_Ads,Visitor,1/9/2026
410,YouTube,YouTube_Video,Visitor,1/18/2026
411,Meta,Meta_Ads,Visitor,1/15/2026
412,Google,Google_Search,Visitor,1/20/2026
413,Meta,Meta_Ads,Visitor,1/22/2026
414,Meta,Meta_Ads,Visitor,1/9/2026
414,Meta,Meta_Ads,Signup,1/10/2026
414,Meta,Meta_Ads,Purchase,1/11/2026
415,Meta,Meta_Ads,Visitor,1/12/2026
415,Meta,Meta_Ads,Signup,1/12/2026
416,Google,Google_Search,Visitor,1/14/2026
416,Google,Google_Search,Signup,1/14/2026
417,Meta,Meta_Ads,Visitor,1/19/2026
417,Meta,Meta_Ads,Signup,1/20/2026
418,Google,Google_Search,Visitor,1/24/2026
419,Meta,Meta_Ads,Visitor,1/10/2026
420,Google,Google_Search,Visitor,1/22/2026
420,Google,Google_Search,Signup,1/22/2026
421,Google,Google_Search,Visitor,1/21/2026
422,Meta,Meta_Ads,Visitor,1/20/2026
423,Meta,Meta_Ads,Visitor,1/30/2026
424,Google,Google_Search,Visitor,1/17/2026
425,Meta,Meta_Ads,Visitor,1/26/2026
426,Google,Google_Search,Visitor,1/2/2026
427,Meta,Meta_Ads,Visitor,1/7/2026
427,Meta,Meta_Ads,Signup,1/9/2026
427,Meta,Meta_Ads,Purchase,1/9/2026
428,Google,Google_Search,Visitor,1/13/2026
429,YouTube,YouTube_Video,Visitor,1/1/2026
429,YouTube,YouTube_Video,Signup,1/2/2026
429,YouTube,YouTube_Video,Purchase,1/3/2026
430,YouTube,YouTube_Video,Visitor,1/23/2026
431,Google,Google_Search,Visitor,1/9/2026
431,Google,Google_Search,Signup,1/9/2026
432,Meta,Meta_Ads,Visitor,1/25/2026
433,Google,Google_Search,Visitor,1/17/2026
434,YouTube,YouTube_Video,Visitor,1/2/2026
435,Google,Google_Search,Visitor,1/1/2026
436,Google,Google_Search,Visitor,1/13/2026
436,Google,Google_Search,Signup,1/15/2026
436,Google,Google_Search,Purchase,1/17/2026
437,Google,Google_Search,Visitor,1/16/2026
438,Google,Google_Search,Visitor,1/30/2026
438,Google,Google_Search,Signup,1/30/2026
438,Google,Google_Search,Purchase,2/1/2026
439,YouTube,YouTube_Video,Visitor,1/25/2026
439,YouTube,YouTube_Video,Signup,1/25/2026
440,Google,Google_Search,Visitor,1/12/2026
441,YouTube,YouTube_Video,Visitor,1/12/2026
442,YouTube,YouTube_Video,Visitor,1/6/2026
442,YouTube,YouTube_Video,Signup,1/6/2026
442,YouTube,YouTube_Video,Purchase,1/7/2026
443,Google,Google_Search,Visitor,1/5/2026
444,Google,Google_Search,Visitor,1/23/2026
444,Google,Google_Search,Signup,1/23/2026
445,Google,Google_Search,Visitor,1/17/2026
446,Meta,Meta_Ads,Visitor,1/20/2026
447,YouTube,YouTube_Video,Visitor,1/11/2026
447,YouTube,YouTube_Video,Signup,1/11/2026
448,YouTube,YouTube_Video,Visitor,1/24/2026
449,Google,Google_Search,Visitor,1/12/2026
450,Google,Google_Search,Visitor,1/30/2026
450,Google,Google_Search,Signup,1/31/2026
450,Google,Google_Search,Purchase,2/2/2026
451,Google,Google_Search,Visitor,1/21/2026
451,Google,Google_Search,Signup,1/21/2026
452,YouTube,YouTube_Video,Visitor,1/22/2026
452,YouTube,YouTube_Video,Signup,1/22/2026
453,YouTube,YouTube_Video,Visitor,1/10/2026
453,YouTube,YouTube_Video,Signup,1/11/2026
454,YouTube,YouTube_Video,Visitor,1/8/2026
455,Google,Google_Search,Visitor,1/25/2026
456,Meta,Meta_Ads,Visitor,1/19/2026
457,YouTube,YouTube_Video,Visitor,1/16/2026
458,Google,Google_Search,Visitor,1/28/2026
458,Google,Google_Search,Signup,1/29/2026
459,YouTube,YouTube_Video,Visitor,1/25/2026
460,Meta,Meta_Ads,Visitor,1/13/2026
460,Meta,Meta_Ads,Signup,1/15/2026
461,Google,Google_Search,Visitor,1/14/2026
462,Google,Google_Search,Visitor,1/2/2026
463,Meta,Meta_Ads,Visitor,1/19/2026
464,Google,Google_Search,Visitor,1/30/2026
465,Google,Google_Search,Visitor,1/15/2026
466,Meta,Meta_Ads,Visitor,1/15/2026
467,Google,Google_Search,Visitor,1/25/2026
468,Meta,Meta_Ads,Visitor,1/3/2026
468,Meta,Meta_Ads,Signup,1/4/2026
469,Google,Google_Search,Visitor,1/14/2026
470,Google,Google_Search,Visitor,1/3/2026
471,YouTube,YouTube_Video,Visitor,1/2/2026
472,Google,Google_Search,Visitor,1/26/2026
472,Google,Google_Search,Signup,1/26/2026
473,Meta,Meta_Ads,Visitor,1/12/2026
474,Google,Google_Search,Visitor,1/23/2026
475,Meta,Meta_Ads,Visitor,1/27/2026
476,YouTube,YouTube_Video,Visitor,1/11/2026
476,YouTube,YouTube_Video,Signup,1/13/2026
476,YouTube,YouTube_Video,Purchase,1/15/2026
477,Google,Google_Search,Visitor,1/11/2026
478,Google,Google_Search,Visitor,1/13/2026
479,Google,Google_Search,Visitor,1/29/2026
480,Meta,Meta_Ads,Visitor,1/14/2026
480,Meta,Meta_Ads,Signup,1/16/2026
481,Meta,Meta_Ads,Visitor,1/10/2026
482,Meta,Meta_Ads,Visitor,1/17/2026
483,YouTube,YouTube_Video,Visitor,1/30/2026
483,YouTube,YouTube_Video,Signup,2/1/2026
484,Meta,Meta_Ads,Visitor,1/7/2026
484,Meta,Meta_Ads,Signup,1/7/2026
485,Google,Google_Search,Visitor,1/4/2026
486,Google,Google_Search,Visitor,1/22/2026
487,Google,Google_Search,Visitor,1/10/2026
487,Google,Google_Search,Signup,1/10/2026
488,YouTube,YouTube_Video,Visitor,1/22/2026
489,Meta,Meta_Ads,Visitor,1/15/2026
490,Google,Google_Search,Visitor,1/29/2026
491,Meta,Meta_Ads,Visitor,1/17/2026
491,Meta,Meta_Ads,Signup,1/17/2026
492,Meta,Meta_Ads,Visitor,1/4/2026
493,Meta,Meta_Ads,Visitor,1/18/2026
494,Google,Google_Search,Visitor,1/23/2026
495,Google,Google_Search,Visitor,1/3/2026
496,Google,Google_Search,Visitor,1/21/2026
496,Google,Google_Search,Signup,1/21/2026
497,Meta,Meta_Ads,Visitor,1/11/2026
497,Meta,Meta_Ads,Signup,1/12/2026
498,Google,Google_Search,Visitor,1/25/2026
499,Google,Google_Search,Visitor,1/21/2026
500,Google,Google_Search,Visitor,1/29/2026
501,Meta,Meta_Ads,Visitor,1/7/2026
501,Meta,Meta_Ads,Signup,1/8/2026
501,Meta,Meta_Ads,Purchase,1/9/2026
502,Google,Google_Search,Visitor,1/7/2026
503,Google,Google_Search,Visitor,1/5/2026
504,Google,Google_Search,Visitor,1/8/2026
505,Google,Google_Search,Visitor,1/7/2026
505,Google,Google_Search,Signup,1/7/2026
506,Meta,Meta_Ads,Visitor,1/12/2026
506,Meta,Meta_Ads,Signup,1/12/2026
506,Meta,Meta_Ads,Purchase,1/13/2026
507,Meta,Meta_Ads,Visitor,1/12/2026
507,Meta,Meta_Ads,Signup,1/14/2026
507,Meta,Meta_Ads,Purchase,1/15/2026
508,YouTube,YouTube_Video,Visitor,1/2/2026
509,YouTube,YouTube_Video,Visitor,1/23/2026
510,Google,Google_Search,Visitor,1/12/2026
510,Google,Google_Search,Signup,1/12/2026
510,Google,Google_Search,Purchase,1/14/2026
511,Meta,Meta_Ads,Visitor,1/23/2026
512,Google,Google_Search,Visitor,1/25/2026
513,Google,Google_Search,Visitor,1/16/2026
514,Meta,Meta_Ads,Visitor,1/16/2026
515,Google,Google_Search,Visitor,1/19/2026
515,Google,Google_Search,Signup,1/19/2026
516,Meta,Meta_Ads,Visitor,1/1/2026
517,Meta,Meta_Ads,Visitor,1/6/2026
517,Meta,Meta_Ads,Signup,1/8/2026
518,Meta,Meta_Ads,Visitor,1/12/2026
519,Meta,Meta_Ads,Visitor,1/14/2026
519,Meta,Meta_Ads,Signup,1/16/2026
519,Meta,Meta_Ads,Purchase,1/17/2026
520,Google,Google_Search,Visitor,1/2/2026
521,Meta,Meta_Ads,Visitor,1/11/2026
522,Google,Google_Search,Visitor,1/26/2026
523,Meta,Meta_Ads,Visitor,1/3/2026
524,Meta,Meta_Ads,Visitor,1/28/2026
525,Google,Google_Search,Visitor,1/15/2026
526,Meta,Meta_Ads,Visitor,1/13/2026
527,YouTube,YouTube_Video,Visitor,1/30/2026
528,Google,Google_Search,Visitor,1/7/2026
528,Google,Google_Search,Signup,1/7/2026
529,Google,Google_Search,Visitor,1/27/2026
530,Google,Google_Search,Visitor,1/20/2026
531,YouTube,YouTube_Video,Visitor,1/2/2026
531,YouTube,YouTube_Video,Signup,1/3/2026
532,Meta,Meta_Ads,Visitor,1/1/2026
533,Meta,Meta_Ads,Visitor,1/29/2026
533,Meta,Meta_Ads,Signup,1/31/2026
534,Google,Google_Search,Visitor,1/21/2026
534,Google,Google_Search,Signup,1/21/2026
534,Google,Google_Search,Purchase,1/21/2026
535,Google,Google_Search,Visitor,1/13/2026
536,YouTube,YouTube_Video,Visitor,1/28/2026
536,YouTube,YouTube_Video,Signup,1/29/2026
537,Google,Google_Search,Visitor,1/6/2026
537,Google,Google_Search,Signup,1/8/2026
538,Meta,Meta_Ads,Visitor,1/19/2026
539,Meta,Meta_Ads,Visitor,1/2/2026
540,Google,Google_Search,Visitor,1/11/2026
541,Meta,Meta_Ads,Visitor,1/15/2026
542,Google,Google_Search,Visitor,1/3/2026
542,Google,Google_Search,Signup,1/4/2026
542,Google,Google_Search,Purchase,1/6/2026
543,Meta,Meta_Ads,Visitor,1/28/2026
544,Meta,Meta_Ads,Visitor,1/8/2026
545,Meta,Meta_Ads,Visitor,1/20/2026
545,Meta,Meta_Ads,Signup,1/21/2026
546,Google,Google_Search,Visitor,1/20/2026
547,Meta,Meta_Ads,Visitor,1/3/2026
548,Google,Google_Search,Visitor,1/14/2026
548,Google,Google_Search,Signup,1/14/2026
549,Google,Google_Search,Visitor,1/2/2026
549,Google,Google_Search,Signup,1/2/2026
549,Google,Google_Search,Purchase,1/4/2026
550,Meta,Meta_Ads,Visitor,1/23/2026
550,Meta,Meta_Ads,Signup,1/25/2026
551,Google,Google_Search,Visitor,1/26/2026
551,Google,Google_Search,Signup,1/26/2026
551,Google,Google_Search,Purchase,1/26/2026
552,YouTube,YouTube_Video,Visitor,1/4/2026
553,Google,Google_Search,Visitor,1/11/2026
554,YouTube,YouTube_Video,Visitor,1/23/2026
554,YouTube,YouTube_Video,Signup,1/24/2026
554,YouTube,YouTube_Video,Purchase,1/25/2026
555,Google,Google_Search,Visitor,1/9/2026
556,YouTube,YouTube_Video,Visitor,1/10/2026
557,YouTube,YouTube_Video,Visitor,1/9/2026
557,YouTube,YouTube_Video,Signup,1/9/2026
558,YouTube,YouTube_Video,Visitor,1/16/2026
558,YouTube,YouTube_Video,Signup,1/17/2026
559,Google,Google_Search,Visitor,1/8/2026
560,Meta,Meta_Ads,Visitor,1/2/2026
561,Google,Google_Search,Visitor,1/17/2026
562,Google,Google_Search,Visitor,1/24/2026
563,Google,Google_Search,Visitor,1/12/2026
564,Meta,Meta_Ads,Visitor,1/13/2026
564,Meta,Meta_Ads,Signup,1/15/2026
565,Google,Google_Search,Visitor,1/24/2026
565,Google,Google_Search,Signup,1/24/2026
566,Meta,Meta_Ads,Visitor,1/26/2026
567,YouTube,YouTube_Video,Visitor,1/20/2026
568,Meta,Meta_Ads,Visitor,1/28/2026
569,Google,Google_Search,Visitor,1/5/2026
570,Meta,Meta_Ads,Visitor,1/10/2026
570,Meta,Meta_Ads,Signup,1/10/2026
570,Meta,Meta_Ads,Purchase,1/10/2026
571,YouTube,YouTube_Video,Visitor,1/15/2026
571,YouTube,YouTube_Video,Signup,1/15/2026
571,YouTube,YouTube_Video,Purchase,1/16/2026
572,Google,Google_Search,Visitor,1/25/2026
573,Google,Google_Search,Visitor,1/18/2026
573,Google,Google_Search,Signup,1/20/2026
574,Meta,Meta_Ads,Visitor,1/21/2026
575,Meta,Meta_Ads,Visitor,1/28/2026
575,Meta,Meta_Ads,Signup,1/29/2026
576,YouTube,YouTube_Video,Visitor,1/23/2026
576,YouTube,YouTube_Video,Signup,1/25/2026
577,Google,Google_Search,Visitor,1/18/2026
578,Google,Google_Search,Visitor,1/21/2026
579,Google,Google_Search,Visitor,1/17/2026
580,Google,Google_Search,Visitor,1/30/2026
581,YouTube,YouTube_Video,Visitor,1/9/2026
582,Meta,Meta_Ads,Visitor,1/30/2026
583,YouTube,YouTube_Video,Visitor,1/8/2026
584,Google,Google_Search,Visitor,1/11/2026
584,Google,Google_Search,Signup,1/12/2026
585,YouTube,YouTube_Video,Visitor,1/29/2026
586,Google,Google_Search,Visitor,1/21/2026
587,YouTube,YouTube_Video,Visitor,1/15/2026
588,YouTube,YouTube_Video,Visitor,1/13/2026
589,Meta,Meta_Ads,Visitor,1/1/2026
590,Google,Google_Search,Visitor,1/19/2026
590,Google,Google_Search,Signup,1/20/2026
591,Meta,Meta_Ads,Visitor,1/5/2026
591,Meta,Meta_Ads,Signup,1/6/2026
592,YouTube,YouTube_Video,Visitor,1/12/2026
593,YouTube,YouTube_Video,Visitor,1/8/2026
593,YouTube,YouTube_Video,Signup,1/9/2026
594,Google,Google_Search,Visitor,1/21/2026
595,Meta,Meta_Ads,Visitor,1/27/2026
596,Google,Google_Search,Visitor,1/9/2026
597,Google,Google_Search,Visitor,1/26/2026
598,YouTube,YouTube_Video,Visitor,1/14/2026
598,YouTube,YouTube_Video,Signup,1/15/2026
599,Meta,Meta_Ads,Visitor,1/16/2026
599,Meta,Meta_Ads,Signup,1/18/2026
600,Meta,Meta_Ads,Visitor,1/26/2026
601,Google,Google_Search,Visitor,1/20/2026
602,Google,Google_Search,Visitor,1/26/2026
603,Google,Google_Search,Visitor,1/8/2026
603,Google,Google_Search,Signup,1/9/2026
604,Google,Google_Search,Visitor,1/25/2026
605,Google,Google_Search,Visitor,1/7/2026
606,Meta,Meta_Ads,Visitor,1/24/2026
606,Meta,Meta_Ads,Signup,1/25/2026
607,Meta,Meta_Ads,Visitor,1/30/2026
608,Meta,Meta_Ads,Visitor,1/19/2026
608,Meta,Meta_Ads,Signup,1/21/2026
609,Google,Google_Search,Visitor,1/22/2026
610,Meta,Meta_Ads,Visitor,1/26/2026
611,Meta,Meta_Ads,Visitor,1/19/2026
612,Google,Google_Search,Visitor,1/23/2026
613,Google,Google_Search,Visitor,1/20/2026
613,Google,Google_Search,Signup,1/22/2026
614,Meta,Meta_Ads,Visitor,1/22/2026
615,Google,Google_Search,Visitor,1/4/2026
616,Google,Google_Search,Visitor,1/15/2026
617,YouTube,YouTube_Video,Visitor,1/11/2026
618,YouTube,YouTube_Video,Visitor,1/5/2026
618,YouTube,YouTube_Video,Signup,1/5/2026
619,Google,Google_Search,Visitor,1/11/2026
619,Google,Google_Search,Signup,1/12/2026
620,Meta,Meta_Ads,Visitor,1/27/2026
620,Meta,Meta_Ads,Signup,1/27/2026
620,Meta,Meta_Ads,Purchase,1/29/2026
621,Google,Google_Search,Visitor,1/19/2026
622,Google,Google_Search,Visitor,1/20/2026
623,Google,Google_Search,Visitor,1/5/2026
624,Meta,Meta_Ads,Visitor,1/30/2026
625,Google,Google_Search,Visitor,1/1/2026
626,Google,Google_Search,Visitor,1/9/2026
626,Google,Google_Search,Signup,1/9/2026
627,Meta,Meta_Ads,Visitor,1/4/2026
627,Meta,Meta_Ads,Signup,1/5/2026
627,Meta,Meta_Ads,Purchase,1/7/2026
628,Google,Google_Search,Visitor,1/28/2026
629,YouTube,YouTube_Video,Visitor,1/16/2026
630,Google,Google_Search,Visitor,1/13/2026
630,Google,Google_Search,Signup,1/13/2026
631,Google,Google_Search,Visitor,1/20/2026
632,Meta,Meta_Ads,Visitor,1/21/2026
633,Google,Google_Search,Visitor,1/7/2026
633,Google,Google_Search,Signup,1/9/2026
633,Google,Google_Search,Purchase,1/11/2026
634,YouTube,YouTube_Video,Visitor,1/15/2026
635,Google,Google_Search,Visitor,1/26/2026
636,Google,Google_Search,Visitor,1/25/2026
637,YouTube,YouTube_Video,Visitor,1/5/2026
638,Google,Google_Search,Visitor,1/24/2026
638,Google,Google_Search,Signup,1/26/2026
639,Meta,Meta_Ads,Visitor,1/25/2026
639,Meta,Meta_Ads,Signup,1/25/2026
639,Meta,Meta_Ads,Purchase,1/27/2026
640,Google,Google_Search,Visitor,1/7/2026
641,Meta,Meta_Ads,Visitor,1/24/2026
641,Meta,Meta_Ads,Signup,1/25/2026
642,Meta,Meta_Ads,Visitor,1/7/2026
643,Meta,Meta_Ads,Visitor,1/6/2026
643,Meta,Meta_Ads,Signup,1/7/2026
644,Google,Google_Search,Visitor,1/2/2026
645,Google,Google_Search,Visitor,1/10/2026
646,Google,Google_Search,Visitor,1/29/2026
647,Google,Google_Search,Visitor,1/15/2026
648,YouTube,YouTube_Video,Visitor,1/10/2026
649,Meta,Meta_Ads,Visitor,1/17/2026
649,Meta,Meta_Ads,Signup,1/19/2026
650,Meta,Meta_Ads,Visitor,1/4/2026
651,Meta,Meta_Ads,Visitor,1/24/2026
651,Meta,Meta_Ads,Signup,1/26/2026
652,YouTube,YouTube_Video,Visitor,1/27/2026
653,Meta,Meta_Ads,Visitor,1/28/2026
654,Google,Google_Search,Visitor,1/25/2026
654,Google,Google_Search,Signup,1/27/2026
655,Meta,Meta_Ads,Visitor,1/20/2026
656,Google,Google_Search,Visitor,1/23/2026
657,Google,Google_Search,Visitor,1/19/2026
658,Google,Google_Search,Visitor,1/12/2026
659,Google,Google_Search,Visitor,1/28/2026
660,Google,Google_Search,Visitor,1/8/2026
661,Google,Google_Search,Visitor,1/16/2026
662,Meta,Meta_Ads,Visitor,1/28/2026
663,Meta,Meta_Ads,Visitor,1/7/2026
664,Google,Google_Search,Visitor,1/27/2026
664,Google,Google_Search,Signup,1/28/2026
664,Google,Google_Search,Purchase,1/28/2026
665,Google,Google_Search,Visitor,1/8/2026
666,Meta,Meta_Ads,Visitor,1/11/2026
666,Meta,Meta_Ads,Signup,1/12/2026
667,Google,Google_Search,Visitor,1/9/2026
668,Meta,Meta_Ads,Visitor,1/16/2026
669,Google,Google_Search,Visitor,1/21/2026
670,Meta,Meta_Ads,Visitor,1/4/2026
671,YouTube,YouTube_Video,Visitor,1/27/2026
671,YouTube,YouTube_Video,Signup,1/29/2026
672,Google,Google_Search,Visitor,1/4/2026
673,YouTube,YouTube_Video,Visitor,1/30/2026
674,YouTube,YouTube_Video,Visitor,1/28/2026
675,YouTube,YouTube_Video,Visitor,1/18/2026
675,YouTube,YouTube_Video,Signup,1/18/2026
676,YouTube,YouTube_Video,Visitor,1/12/2026
676,YouTube,YouTube_Video,Signup,1/13/2026
677,YouTube,YouTube_Video,Visitor,1/30/2026
677,YouTube,YouTube_Video,Signup,1/30/2026
677,YouTube,YouTube_Video,Purchase,1/31/2026
678,Google,Google_Search,Visitor,1/21/2026
679,YouTube,YouTube_Video,Visitor,1/19/2026
680,Meta,Meta_Ads,Visitor,1/25/2026
681,Meta,Meta_Ads,Visitor,1/17/2026
682,Google,Google_Search,Visitor,1/15/2026
682,Google,Google_Search,Signup,1/15/2026
682,Google,Google_Search,Purchase,1/16/2026
683,Google,Google_Search,Visitor,1/8/2026
683,Google,Google_Search,Signup,1/10/2026
683,Google,Google_Search,Purchase,1/10/2026
684,Meta,Meta_Ads,Visitor,1/1/2026
685,Google,Google_Search,Visitor,1/3/2026
686,Meta,Meta_Ads,Visitor,1/6/2026
687,Google,Google_Search,Visitor,1/25/2026
687,Google,Google_Search,Signup,1/26/2026
688,YouTube,YouTube_Video,Visitor,1/17/2026
689,Meta,Meta_Ads,Visitor,1/13/2026
690,Meta,Meta_Ads,Visitor,1/6/2026
691,Meta,Meta_Ads,Visitor,1/27/2026
692,Google,Google_Search,Visitor,1/14/2026
693,Meta,Meta_Ads,Visitor,1/3/2026
694,YouTube,YouTube_Video,Visitor,1/27/2026
695,Google,Google_Search,Visitor,1/24/2026
695,Google,Google_Search,Signup,1/25/2026
695,Google,Google_Search,Purchase,1/25/2026
696,Google,Google_Search,Visitor,1/19/2026
697,Meta,Meta_Ads,Visitor,1/28/2026
697,Meta,Meta_Ads,Signup,1/30/2026
698,Meta,Meta_Ads,Visitor,1/28/2026
699,Google,Google_Search,Visitor,1/15/2026
700,Google,Google_Search,Visitor,1/21/2026
701,Google,Google_Search,Visitor,1/30/2026
701,Google,Google_Search,Signup,1/30/2026
702,Google,Google_Search,Visitor,1/11/2026
702,Google,Google_Search,Signup,1/11/2026
702,Google,Google_Search,Purchase,1/12/2026
703,Meta,Meta_Ads,Visitor,1/27/2026
704,YouTube,YouTube_Video,Visitor,1/9/2026
704,YouTube,YouTube_Video,Signup,1/10/2026
705,Google,Google_Search,Visitor,1/23/2026
706,YouTube,YouTube_Video,Visitor,1/16/2026
706,YouTube,YouTube_Video,Signup,1/18/2026
706,YouTube,YouTube_Video,Purchase,1/19/2026
707,YouTube,YouTube_Video,Visitor,1/21/2026
707,YouTube,YouTube_Video,Signup,1/21/2026
708,Google,Google_Search,Visitor,1/29/2026
709,Google,Google_Search,Visitor,1/3/2026
710,YouTube,YouTube_Video,Visitor,1/1/2026
710,YouTube,YouTube_Video,Signup,1/3/2026
711,Google,Google_Search,Visitor,1/12/2026
712,Google,Google_Search,Visitor,1/19/2026
713,Google,Google_Search,Visitor,1/8/2026
714,Google,Google_Search,Visitor,1/25/2026
715,Google,Google_Search,Visitor,1/7/2026
715,Google,Google_Search,Signup,1/8/2026
716,YouTube,YouTube_Video,Visitor,1/12/2026
717,Meta,Meta_Ads,Visitor,1/23/2026
718,Google,Google_Search,Visitor,1/6/2026
718,Google,Google_Search,Signup,1/6/2026
718,Google,Google_Search,Purchase,1/6/2026
719,Google,Google_Search,Visitor,1/26/2026
720,Google,Google_Search,Visitor,1/10/2026
721,Google,Google_Search,Visitor,1/17/2026
722,Google,Google_Search,Visitor,1/16/2026
722,Google,Google_Search,Signup,1/16/2026
723,Google,Google_Search,Visitor,1/14/2026
723,Google,Google_Search,Signup,1/16/2026
724,Google,Google_Search,Visitor,1/7/2026
725,Meta,Meta_Ads,Visitor,1/30/2026
726,Google,Google_Search,Visitor,1/9/2026
727,Google,Google_Search,Visitor,1/9/2026
728,Meta,Meta_Ads,Visitor,1/27/2026
729,YouTube,YouTube_Video,Visitor,1/13/2026
730,Google,Google_Search,Visitor,1/11/2026
730,Google,Google_Search,Signup,1/12/2026
730,Google,Google_Search,Purchase,1/14/2026
731,Google,Google_Search,Visitor,1/8/2026
732,Google,Google_Search,Visitor,1/29/2026
732,Google,Google_Search,Signup,1/29/2026
733,YouTube,YouTube_Video,Visitor,1/5/2026
733,YouTube,YouTube_Video,Signup,1/7/2026
733,YouTube,YouTube_Video,Purchase,1/8/2026
734,Google,Google_Search,Visitor,1/23/2026
734,Google,Google_Search,Signup,1/24/2026
734,Google,Google_Search,Purchase,1/25/2026
735,YouTube,YouTube_Video,Visitor,1/4/2026
736,Google,Google_Search,Visitor,1/28/2026
737,YouTube,YouTube_Video,Visitor,1/12/2026
737,YouTube,YouTube_Video,Signup,1/14/2026
738,Google,Google_Search,Visitor,1/29/2026
739,Google,Google_Search,Visitor,1/11/2026
740,Meta,Meta_Ads,Visitor,1/19/2026
741,Meta,Meta_Ads,Visitor,1/28/2026
741,Meta,Meta_Ads,Signup,1/29/2026
741,Meta,Meta_Ads,Purchase,1/30/2026
742,Meta,Meta_Ads,Visitor,1/3/2026
743,Google,Google_Search,Visitor,1/17/2026
744,Meta,Meta_Ads,Visitor,1/11/2026
745,Meta,Meta_Ads,Visitor,1/26/2026
746,YouTube,YouTube_Video,Visitor,1/25/2026
747,Meta,Meta_Ads,Visitor,1/28/2026
748,YouTube,YouTube_Video,Visitor,1/4/2026
749,Google,Google_Search,Visitor,1/21/2026
750,Meta,Meta_Ads,Visitor,1/12/2026
751,YouTube,YouTube_Video,Visitor,1/28/2026
752,Meta,Meta_Ads,Visitor,1/23/2026
752,Meta,Meta_Ads,Signup,1/24/2026
753,Google,Google_Search,Visitor,1/28/2026
754,Google,Google_Search,Visitor,1/24/2026
754,Google,Google_Search,Signup,1/26/2026
754,Google,Google_Search,Purchase,1/26/2026
755,Google,Google_Search,Visitor,1/20/2026
755,Google,Google_Search,Signup,1/21/2026
756,Meta,Meta_Ads,Visitor,1/11/2026
757,Meta,Meta_Ads,Visitor,1/11/2026
757,Meta,Meta_Ads,Signup,1/12/2026
758,Meta,Meta_Ads,Visitor,1/16/2026
758,Meta,Meta_Ads,Signup,1/17/2026
759,Meta,Meta_Ads,Visitor,1/13/2026
760,Google,Google_Search,Visitor,1/24/2026
761,YouTube,YouTube_Video,Visitor,1/4/2026
761,YouTube,YouTube_Video,Signup,1/5/2026
761,YouTube,YouTube_Video,Purchase,1/7/2026
762,Google,Google_Search,Visitor,1/18/2026
762,Google,Google_Search,Signup,1/18/2026
763,Google,Google_Search,Visitor,1/5/2026
764,Google,Google_Search,Visitor,1/28/2026
764,Google,Google_Search,Signup,1/30/2026
765,YouTube,YouTube_Video,Visitor,1/9/2026
766,Google,Google_Search,Visitor,1/15/2026
766,Google,Google_Search,Signup,1/15/2026
767,Google,Google_Search,Visitor,1/4/2026
768,Google,Google_Search,Visitor,1/13/2026
769,Meta,Meta_Ads,Visitor,1/27/2026
770,Google,Google_Search,Visitor,1/2/2026
770,Google,Google_Search,Signup,1/4/2026
770,Google,Google_Search,Purchase,1/4/2026
771,Google,Google_Search,Visitor,1/12/2026
771,Google,Google_Search,Signup,1/14/2026
772,Google,Google_Search,Visitor,1/28/2026
773,YouTube,YouTube_Video,Visitor,1/13/2026
774,Google,Google_Search,Visitor,1/19/2026
775,Meta,Meta_Ads,Visitor,1/18/2026
776,Meta,Meta_Ads,Visitor,1/26/2026
777,Meta,Meta_Ads,Visitor,1/8/2026
777,Meta,Meta_Ads,Signup,1/8/2026
778,YouTube,YouTube_Video,Visitor,1/27/2026
779,Meta,Meta_Ads,Visitor,1/13/2026
780,Google,Google_Search,Visitor,1/22/2026
781,Google,Google_Search,Visitor,1/17/2026
782,Google,Google_Search,Visitor,1/26/2026
783,Google,Google_Search,Visitor,1/19/2026
784,Google,Google_Search,Visitor,1/20/2026
785,Meta,Meta_Ads,Visitor,1/26/2026
786,Meta,Meta_Ads,Visitor,1/30/2026
787,Google,Google_Search,Visitor,1/11/2026
788,Google,Google_Search,Visitor,1/17/2026
789,YouTube,YouTube_Video,Visitor,1/18/2026
790,Meta,Meta_Ads,Visitor,1/15/2026
791,YouTube,YouTube_Video,Visitor,1/16/2026
792,Google,Google_Search,Visitor,1/13/2026
793,YouTube,YouTube_Video,Visitor,1/8/2026
793,YouTube,YouTube_Video,Signup,1/9/2026
793,YouTube,YouTube_Video,Purchase,1/9/2026
794,Meta,Meta_Ads,Visitor,1/14/2026
794,Meta,Meta_Ads,Signup,1/16/2026
794,Meta,Meta_Ads,Purchase,1/17/2026
795,Meta,Meta_Ads,Visitor,1/11/2026
796,Meta,Meta_Ads,Visitor,1/30/2026
797,YouTube,YouTube_Video,Visitor,1/9/2026
797,YouTube,YouTube_Video,Signup,1/10/2026
798,Google,Google_Search,Visitor,1/19/2026
798,Google,Google_Search,Signup,1/20/2026
799,Google,Google_Search,Visitor,1/7/2026
799,Google,Google_Search,Signup,1/7/2026
800,Google,Google_Search,Visitor,1/13/2026
801,Meta,Meta_Ads,Visitor,1/9/2026
802,YouTube,YouTube_Video,Visitor,1/2/2026
802,YouTube,YouTube_Video,Signup,1/4/2026
803,Google,Google_Search,Visitor,1/4/2026
804,Google,Google_Search,Visitor,1/3/2026
805,Meta,Meta_Ads,Visitor,1/13/2026
806,Google,Google_Search,Visitor,1/29/2026
806,Google,Google_Search,Signup,1/30/2026
806,Google,Google_Search,Purchase,1/30/2026
807,Meta,Meta_Ads,Visitor,1/10/2026
807,Meta,Meta_Ads,Signup,1/11/2026
807,Meta,Meta_Ads,Purchase,1/12/2026
808,Meta,Meta_Ads,Visitor,1/24/2026
808,Meta,Meta_Ads,Signup,1/25/2026
808,Meta,Meta_Ads,Purchase,1/27/2026
809,YouTube,YouTube_Video,Visitor,1/30/2026
809,YouTube,YouTube_Video,Signup,1/31/2026
810,Google,Google_Search,Visitor,1/1/2026
811,Google,Google_Search,Visitor,1/13/2026
812,Google,Google_Search,Visitor,1/25/2026
813,Google,Google_Search,Visitor,1/23/2026
814,Google,Google_Search,Visitor,1/10/2026
815,Meta,Meta_Ads,Visitor,1/20/2026
816,Google,Google_Search,Visitor,1/28/2026
816,Google,Google_Search,Signup,1/28/2026
817,Meta,Meta_Ads,Visitor,1/4/2026
817,Meta,Meta_Ads,Signup,1/6/2026
818,Google,Google_Search,Visitor,1/14/2026
819,YouTube,YouTube_Video,Visitor,1/11/2026
819,YouTube,YouTube_Video,Signup,1/11/2026
820,Google,Google_Search,Visitor,1/26/2026
821,Meta,Meta_Ads,Visitor,1/22/2026
822,Google,Google_Search,Visitor,1/18/2026
823,Google,Google_Search,Visitor,1/12/2026
824,Google,Google_Search,Visitor,1/11/2026
825,Google,Google_Search,Visitor,1/9/2026
826,Google,Google_Search,Visitor,1/4/2026
827,YouTube,YouTube_Video,Visitor,1/19/2026
828,Google,Google_Search,Visitor,1/12/2026
829,Google,Google_Search,Visitor,1/23/2026
830,Google,Google_Search,Visitor,1/27/2026
831,Meta,Meta_Ads,Visitor,1/15/2026
831,Meta,Meta_Ads,Signup,1/15/2026
832,Google,Google_Search,Visitor,1/24/2026
833,YouTube,YouTube_Video,Visitor,1/15/2026
834,Google,Google_Search,Visitor,1/20/2026
835,Meta,Meta_Ads,Visitor,1/10/2026
835,Meta,Meta_Ads,Signup,1/11/2026
836,Meta,Meta_Ads,Visitor,1/9/2026
837,Google,Google_Search,Visitor,1/14/2026
838,Google,Google_Search,Visitor,1/7/2026
839,Google,Google_Search,Visitor,1/13/2026
840,Meta,Meta_Ads,Visitor,1/9/2026
841,Google,Google_Search,Visitor,1/24/2026
842,Meta,Meta_Ads,Visitor,1/23/2026
843,Google,Google_Search,Visitor,1/24/2026
844,Google,Google_Search,Visitor,1/3/2026
844,Google,Google_Search,Signup,1/3/2026
845,Google,Google_Search,Visitor,1/1/2026
846,Google,Google_Search,Visitor,1/3/2026
847,YouTube,YouTube_Video,Visitor,1/22/2026
848,Google,Google_Search,Visitor,1/21/2026
849,Google,Google_Search,Visitor,1/6/2026
849,Google,Google_Search,Signup,1/7/2026
850,YouTube,YouTube_Video,Visitor,1/3/2026
851,Google,Google_Search,Visitor,1/17/2026
852,Google,Google_Search,Visitor,1/29/2026
853,YouTube,YouTube_Video,Visitor,1/28/2026
854,Meta,Meta_Ads,Visitor,1/23/2026
855,Meta,Meta_Ads,Visitor,1/8/2026
855,Meta,Meta_Ads,Signup,1/10/2026
856,Google,Google_Search,Visitor,1/15/2026
857,Google,Google_Search,Visitor,1/6/2026
858,Google,Google_Search,Visitor,1/25/2026
859,Meta,Meta_Ads,Visitor,1/20/2026
860,Meta,Meta_Ads,Visitor,1/16/2026
860,Meta,Meta_Ads,Signup,1/16/2026
861,YouTube,YouTube_Video,Visitor,1/9/2026
862,YouTube,YouTube_Video,Visitor,1/23/2026
863,Google,Google_Search,Visitor,1/22/2026
863,Google,Google_Search,Signup,1/24/2026
864,YouTube,YouTube_Video,Visitor,1/2/2026
865,Meta,Meta_Ads,Visitor,1/23/2026
866,Meta,Meta_Ads,Visitor,1/8/2026
867,Meta,Meta_Ads,Visitor,1/20/2026
868,YouTube,YouTube_Video,Visitor,1/28/2026
869,Google,Google_Search,Visitor,1/26/2026
869,Google,Google_Search,Signup,1/27/2026
870,YouTube,YouTube_Video,Visitor,1/27/2026
871,Google,Google_Search,Visitor,1/21/2026
872,YouTube,YouTube_Video,Visitor,1/28/2026
873,YouTube,YouTube_Video,Visitor,1/15/2026
874,Google,Google_Search,Visitor,1/28/2026
875,Google,Google_Search,Visitor,1/14/2026
875,Google,Google_Search,Signup,1/14/2026
876,Google,Google_Search,Visitor,1/9/2026
877,Google,Google_Search,Visitor,1/18/2026
877,Google,Google_Search,Signup,1/19/2026
877,Google,Google_Search,Purchase,1/19/2026
878,YouTube,YouTube_Video,Visitor,1/14/2026
878,YouTube,YouTube_Video,Signup,1/15/2026
879,Meta,Meta_Ads,Visitor,1/14/2026
880,Google,Google_Search,Visitor,1/30/2026
881,YouTube,YouTube_Video,Visitor,1/8/2026
881,YouTube,YouTube_Video,Signup,1/10/2026
882,Google,Google_Search,Visitor,1/11/2026
883,YouTube,YouTube_Video,Visitor,1/28/2026
884,Google,Google_Search,Visitor,1/4/2026
885,YouTube,YouTube_Video,Visitor,1/27/2026
886,Meta,Meta_Ads,Visitor,1/11/2026
887,YouTube,YouTube_Video,Visitor,1/23/2026
887,YouTube,YouTube_Video,Signup,1/24/2026
887,YouTube,YouTube_Video,Purchase,1/25/2026
888,Google,Google_Search,Visitor,1/19/2026
889,Google,Google_Search,Visitor,1/17/2026
890,Meta,Meta_Ads,Visitor,1/2/2026
891,Google,Google_Search,Visitor,1/10/2026
892,Meta,Meta_Ads,Visitor,1/15/2026
892,Meta,Meta_Ads,Signup,1/17/2026
893,Google,Google_Search,Visitor,1/24/2026
894,YouTube,YouTube_Video,Visitor,1/12/2026
894,YouTube,YouTube_Video,Signup,1/13/2026
895,Google,Google_Search,Visitor,1/28/2026
895,Google,Google_Search,Signup,1/30/2026
895,Google,Google_Search,Purchase,1/31/2026
896,Google,Google_Search,Visitor,1/2/2026
897,YouTube,YouTube_Video,Visitor,1/22/2026
898,Google,Google_Search,Visitor,1/3/2026
899,Google,Google_Search,Visitor,1/4/2026
899,Google,Google_Search,Signup,1/6/2026
900,YouTube,YouTube_Video,Visitor,1/25/2026
901,Google,Google_Search,Visitor,1/20/2026
901,Google,Google_Search,Signup,1/21/2026
902,YouTube,YouTube_Video,Visitor,1/27/2026
902,YouTube,YouTube_Video,Signup,1/27/2026
903,Google,Google_Search,Visitor,1/20/2026
904,Google,Google_Search,Visitor,1/1/2026
904,Google,Google_Search,Signup,1/2/2026
905,YouTube,YouTube_Video,Visitor,1/23/2026
906,Google,Google_Search,Visitor,1/9/2026
906,Google,Google_Search,Signup,1/9/2026
906,Google,Google_Search,Purchase,1/10/2026
907,Meta,Meta_Ads,Visitor,1/9/2026
908,Meta,Meta_Ads,Visitor,1/11/2026
909,Google,Google_Search,Visitor,1/12/2026
910,Google,Google_Search,Visitor,1/28/2026
911,YouTube,YouTube_Video,Visitor,1/26/2026
912,Google,Google_Search,Visitor,1/4/2026
913,YouTube,YouTube_Video,Visitor,1/18/2026
913,YouTube,YouTube_Video,Signup,1/18/2026
913,YouTube,YouTube_Video,Purchase,1/20/2026
914,Meta,Meta_Ads,Visitor,1/14/2026
914,Meta,Meta_Ads,Signup,1/14/2026
915,Google,Google_Search,Visitor,1/3/2026
916,Google,Google_Search,Visitor,1/24/2026
917,Google,Google_Search,Visitor,1/4/2026
918,Meta,Meta_Ads,Visitor,1/10/2026
919,Meta,Meta_Ads,Visitor,1/17/2026
920,Google,Google_Search,Visitor,1/23/2026
921,Google,Google_Search,Visitor,1/21/2026
922,Google,Google_Search,Visitor,1/25/2026
922,Google,Google_Search,Signup,1/26/2026
922,Google,Google_Search,Purchase,1/27/2026
923,Google,Google_Search,Visitor,1/7/2026
923,Google,Google_Search,Signup,1/7/2026
924,YouTube,YouTube_Video,Visitor,1/22/2026
925,YouTube,YouTube_Video,Visitor,1/6/2026
926,Meta,Meta_Ads,Visitor,1/9/2026
927,Google,Google_Search,Visitor,1/18/2026
928,YouTube,YouTube_Video,Visitor,1/16/2026
929,Google,Google_Search,Visitor,1/30/2026
929,Google,Google_Search,Signup,2/1/2026
930,YouTube,YouTube_Video,Visitor,1/24/2026
931,Meta,Meta_Ads,Visitor,1/8/2026
932,Google,Google_Search,Visitor,1/10/2026
933,Google,Google_Search,Visitor,1/30/2026
934,YouTube,YouTube_Video,Visitor,1/10/2026
935,Google,Google_Search,Visitor,1/16/2026
935,Google,Google_Search,Signup,1/16/2026
935,Google,Google_Search,Purchase,1/16/2026
936,Google,Google_Search,Visitor,1/1/2026
937,Google,Google_Search,Visitor,1/17/2026
938,YouTube,YouTube_Video,Visitor,1/8/2026
938,YouTube,YouTube_Video,Signup,1/10/2026
939,YouTube,YouTube_Video,Visitor,1/23/2026
939,YouTube,YouTube_Video,Signup,1/23/2026
940,Google,Google_Search,Visitor,1/27/2026
940,Google,Google_Search,Signup,1/27/2026
941,Google,Google_Search,Visitor,1/20/2026
941,Google,Google_Search,Signup,1/20/2026
942,Meta,Meta_Ads,Visitor,1/15/2026
943,Meta,Meta_Ads,Visitor,1/17/2026
944,Google,Google_Search,Visitor,1/4/2026
945,Google,Google_Search,Visitor,1/20/2026
945,Google,Google_Search,Signup,1/21/2026
946,YouTube,YouTube_Video,Visitor,1/29/2026
946,YouTube,YouTube_Video,Signup,1/31/2026
947,Meta,Meta_Ads,Visitor,1/1/2026
948,Google,Google_Search,Visitor,1/1/2026
948,Google,Google_Search,Signup,1/2/2026
948,Google,Google_Search,Purchase,1/3/2026
949,Meta,Meta_Ads,Visitor,1/12/2026
949,Meta,Meta_Ads,Signup,1/14/2026
950,Google,Google_Search,Visitor,1/4/2026
951,Google,Google_Search,Visitor,1/22/2026
952,Meta,Meta_Ads,Visitor,1/7/2026
952,Meta,Meta_Ads,Signup,1/9/2026
953,YouTube,YouTube_Video,Visitor,1/19/2026
954,Google,Google_Search,Visitor,1/8/2026
954,Google,Google_Search,Signup,1/8/2026
954,Google,Google_Search,Purchase,1/8/2026
955,Google,Google_Search,Visitor,1/27/2026
956,YouTube,YouTube_Video,Visitor,1/5/2026
957,Google,Google_Search,Visitor,1/22/2026
957,Google,Google_Search,Signup,1/22/2026
957,Google,Google_Search,Purchase,1/22/2026
958,Meta,Meta_Ads,Visitor,1/5/2026
958,Meta,Meta_Ads,Signup,1/6/2026
959,YouTube,YouTube_Video,Visitor,1/13/2026
960,Meta,Meta_Ads,Visitor,1/23/2026
960,Meta,Meta_Ads,Signup,1/25/2026
961,Meta,Meta_Ads,Visitor,1/20/2026
961,Meta,Meta_Ads,Signup,1/21/2026
962,YouTube,YouTube_Video,Visitor,1/8/2026
962,YouTube,YouTube_Video,Signup,1/8/2026
963,Google,Google_Search,Visitor,1/26/2026
963,Google,Google_Search,Signup,1/27/2026
964,Google,Google_Search,Visitor,1/20/2026
965,Google,Google_Search,Visitor,1/12/2026
965,Google,Google_Search,Signup,1/14/2026
965,Google,Google_Search,Purchase,1/14/2026
966,Meta,Meta_Ads,Visitor,1/2/2026
966,Meta,Meta_Ads,Signup,1/3/2026
967,Google,Google_Search,Visitor,1/23/2026
967,Google,Google_Search,Signup,1/23/2026
968,Google,Google_Search,Visitor,1/9/2026
968,Google,Google_Search,Signup,1/11/2026
969,Meta,Meta_Ads,Visitor,1/30/2026
970,Meta,Meta_Ads,Visitor,1/6/2026
970,Meta,Meta_Ads,Signup,1/7/2026
971,Meta,Meta_Ads,Visitor,1/6/2026
971,Meta,Meta_Ads,Signup,1/8/2026
972,YouTube,YouTube_Video,Visitor,1/1/2026
972,YouTube,YouTube_Video,Signup,1/1/2026
972,YouTube,YouTube_Video,Purchase,1/3/2026
973,Google,Google_Search,Visitor,1/19/2026
974,Google,Google_Search,Visitor,1/22/2026
975,Google,Google_Search,Visitor,1/13/2026
976,Google,Google_Search,Visitor,1/4/2026
977,Meta,Meta_Ads,Visitor,1/19/2026
978,Google,Google_Search,Visitor,1/13/2026
979,Meta,Meta_Ads,Visitor,1/6/2026
980,Google,Google_Search,Visitor,1/18/2026
981,Google,Google_Search,Visitor,1/20/2026
982,YouTube,YouTube_Video,Visitor,1/28/2026
983,YouTube,YouTube_Video,Visitor,1/27/2026
984,Google,Google_Search,Visitor,1/24/2026
984,Google,Google_Search,Signup,1/26/2026
985,Google,Google_Search,Visitor,1/20/2026
985,Google,Google_Search,Signup,1/22/2026
985,Google,Google_Search,Purchase,1/24/2026
986,Google,Google_Search,Visitor,1/20/2026
986,Google,Google_Search,Signup,1/22/2026
987,Google,Google_Search,Visitor,1/11/2026
987,Google,Google_Search,Signup,1/13/2026
988,Meta,Meta_Ads,Visitor,1/26/2026
989,Meta,Meta_Ads,Visitor,1/30/2026
990,YouTube,YouTube_Video,Visitor,1/6/2026
991,Google,Google_Search,Visitor,1/13/2026
992,Google,Google_Search,Visitor,1/6/2026
993,Meta,Meta_Ads,Visitor,1/14/2026
993,Meta,Meta_Ads,Signup,1/15/2026
994,YouTube,YouTube_Video,Visitor,1/6/2026
995,Google,Google_Search,Visitor,1/28/2026
996,YouTube,YouTube_Video,Visitor,1/9/2026
996,YouTube,YouTube_Video,Signup,1/11/2026
997,Meta,Meta_Ads,Visitor,1/11/2026
998,YouTube,YouTube_Video,Visitor,1/8/2026
999,Meta,Meta_Ads,Visitor,1/5/2026
1000,Google,Google_Search,Visitor,1/22/2026
